causa;Grupo;Capitulo
A00;2;1
A01;2;1
A02;2;1
A03;2;1
A04;2;1
A05;2;1
A06;2;1
A07;2;1
A08;2;1
A09;2;1
A15;2;1
A16;2;1
A17;2;1
A18;2;1
A19;2;1
A20;2;1
A21;2;1
A22;2;1
A23;2;1
A24;2;1
A25;2;1
A26;2;1
A27;2;1
A28;2;1
A30;2;1
A31;2;1
A32;2;1
A33;2;1
A34;2;1
A35;2;1
A36;2;1
A37;2;1
A38;2;1
A39;2;1
A40;2;1
A41;2;1
A42;2;1
A43;2;1
A44;2;1
A46;2;1
A48;2;1
A49;2;1
A50;2;1
A51;2;1
A52;2;1
A53;2;1
A54;2;1
A55;2;1
A56;2;1
A57;2;1
A58;2;1
A59;2;1
A60;2;1
A63;2;1
A64;2;1
A65;2;1
A66;2;1
A67;2;1
A68;2;1
A69;2;1
A70;2;1
A71;2;1
A74;2;1
A75;2;1
A77;2;1
A78;2;1
A79;2;1
A80;2;1
A81;2;1
A82;2;1
A83;2;1
A84;2;1
A85;2;1
A86;2;1
A87;2;1
A88;2;1
A89;2;1
A90;2;1
A91;2;1
A92;2;1
A93;2;1
A94;2;1
A95;2;1
A96;2;1
A98;2;1
A99;2;1
B00;2;1
B01;2;1
B02;2;1
B03;2;1
B04;2;1
B05;2;1
B06;2;1
B07;2;1
B08;2;1
B09;2;1
B15;2;1
B16;2;1
B17;2;1
B18;2;1
B19;2;1
B20;2;1
B21;2;1
B22;2;1
B23;2;1
B24;2;1
B25;2;1
B26;2;1
B27;2;1
B30;2;1
B33;2;1
B34;2;1
B35;2;1
B36;2;1
B37;2;1
B38;2;1
B39;2;1
B40;2;1
B41;2;1
B42;2;1
B43;2;1
B44;2;1
B45;2;1
B46;2;1
B47;2;1
B48;2;1
B49;2;1
B50;2;1
B51;2;1
B52;2;1
B53;2;1
B54;2;1
B55;2;1
B56;2;1
B57;2;1
B58;2;1
B59;2;1
B60;2;1
B64;2;1
B65;2;1
B66;2;1
B67;2;1
B68;2;1
B69;2;1
B70;2;1
B71;2;1
B72;2;1
B73;2;1
B74;2;1
B75;2;1
B76;2;1
B77;2;1
B78;2;1
B79;2;1
B80;2;1
B81;2;1
B82;2;1
B83;2;1
B85;2;1
B86;2;1
B87;2;1
B88;2;1
B89;2;1
B90;2;1
B91;2;1
B92;2;1
B94;2;1
B95;2;1
B96;2;1
B97;2;1
B99;2;1
C00;1;2
C01;1;2
C02;1;2
C03;1;2
C04;1;2
C05;1;2
C06;1;2
C07;1;2
C08;1;2
C09;1;2
C10;1;2
C11;1;2
C12;1;2
C13;1;2
C14;1;2
C15;1;2
C16;1;2
C17;1;2
C18;1;2
C19;1;2
C20;1;2
C21;1;2
C22;1;2
C23;1;2
C24;1;2
C25;1;2
C26;1;2
C30;1;2
C31;1;2
C32;1;2
C33;1;2
C34;1;2
C37;1;2
C38;1;2
C39;1;2
C40;1;2
C41;1;2
C43;1;2
C44;1;2
C45;1;2
C46;1;2
C47;1;2
C48;1;2
C49;1;2
C50;1;2
C51;1;2
C52;1;2
C53;1;2
C54;1;2
C55;1;2
C56;1;2
C57;1;2
C58;1;2
C60;1;2
C61;1;2
C62;1;2
C63;1;2
C64;1;2
C65;1;2
C66;1;2
C67;1;2
C68;1;2
C69;1;2
C70;1;2
C71;1;2
C72;1;2
C73;1;2
C74;1;2
C75;1;2
C76;1;2
C77;1;2
C78;1;2
C79;1;2
C80;1;2
C81;1;2
C82;1;2
C83;1;2
C84;1;2
C85;1;2
C86;1;2
C88;1;2
C90;1;2
C91;1;2
C92;1;2
C93;1;2
C94;1;2
C95;1;2
C96;1;2
C97;1;2
D00;1;2
D01;1;2
D02;1;2
D03;1;2
D04;1;2
D05;1;2
D06;1;2
D07;1;2
D09;1;2
D10;1;2
D11;1;2
D12;1;2
D13;1;2
D14;1;2
D15;1;2
D16;1;2
D17;1;2
D18;1;2
D19;1;2
D20;1;2
D21;1;2
D22;1;2
D23;1;2
D24;1;2
D25;1;2
D26;1;2
D27;1;2
D28;1;2
D29;1;2
D30;1;2
D31;1;2
D32;1;2
D33;1;2
D34;1;2
D35;1;2
D36;1;2
D37;1;2
D38;1;2
D39;1;2
D40;1;2
D41;1;2
D42;1;2
D43;1;2
D44;1;2
D45;1;2
D46;1;2
D47;1;2
D48;1;2
D50;2;3
D51;2;3
D52;2;3
D53;2;3
D55;1;3
D56;1;3
D57;1;3
D58;1;3
D59;1;3
D60;1;3
D61;1;3
D62;1;3
D63;1;3
D64;1;3
D65;1;3
D66;1;3
D67;1;3
D68;1;3
D69;1;3
D70;1;3
D71;1;3
D72;1;3
D73;1;3
D74;1;3
D75;1;3
D76;1;3
D77;1;3
D80;1;3
D81;1;3
D82;1;3
D83;1;3
D84;1;3
D86;1;3
D89;1;3
E00;2;4
E01;2;4
E02;2;4
E03;1;4
E04;1;4
E05;1;4
E06;1;4
E07;1;4
E10;1;4
E11;1;4
E12;1;4
E13;1;4
E14;1;4
E15;1;4
E16;1;4
E20;1;4
E21;1;4
E22;1;4
E23;1;4
E24;1;4
E25;1;4
E26;1;4
E27;1;4
E28;1;4
E29;1;4
E30;1;4
E31;1;4
E32;1;4
E34;1;4
E35;1;4
E40;2;4
E41;2;4
E42;2;4
E43;2;4
E44;2;4
E45;2;4
E46;2;4
E50;2;4
E51;2;4
E52;2;4
E53;2;4
E54;2;4
E55;2;4
E56;2;4
E58;2;4
E59;2;4
E60;2;4
E61;2;4
E63;2;4
E64;2;4
E65;1;4
E66;1;4
E67;1;4
E68;1;4
E70;1;4
E71;1;4
E72;1;4
E73;1;4
E74;1;4
E75;1;4
E76;1;4
E77;1;4
E78;1;4
E79;1;4
E80;1;4
E83;1;4
E84;1;4
E85;1;4
E86;1;4
E87;1;4
E88;1;4
E89;1;4
E90;1;4
F00;1;5
F01;1;5
F02;1;5
F03;1;5
F04;1;5
F05;1;5
F06;1;5
F07;1;5
F09;1;5
F10;1;5
F11;1;5
F12;1;5
F13;1;5
F14;1;5
F15;1;5
F16;1;5
F17;1;5
F18;1;5
F19;1;5
F20;1;5
F21;1;5
F22;1;5
F23;1;5
F24;1;5
F25;1;5
F28;1;5
F29;1;5
F30;1;5
F31;1;5
F32;1;5
F33;1;5
F34;1;5
F38;1;5
F39;1;5
F40;1;5
F41;1;5
F42;1;5
F43;1;5
F44;1;5
F45;1;5
F48;1;5
F50;1;5
F51;1;5
F52;1;5
F53;1;5
F54;1;5
F55;1;5
F59;1;5
F60;1;5
F61;1;5
F62;1;5
F63;1;5
F64;1;5
F65;1;5
F66;1;5
F68;1;5
F69;1;5
F70;1;5
F71;1;5
F72;1;5
F73;1;5
F78;1;5
F79;1;5
F80;1;5
F81;1;5
F82;1;5
F83;1;5
F84;1;5
F88;1;5
F89;1;5
F90;1;5
F91;1;5
F92;1;5
F93;1;5
F94;1;5
F95;1;5
F98;1;5
F99;1;5
G00;2;6
G01;2;6
G02;2;6
G03;2;6
G04;2;6
G05;2;6
G06;1;6
G07;1;6
G08;1;6
G09;1;6
G10;1;6
G11;1;6
G12;1;6
G13;1;6
G20;1;6
G21;1;6
G22;1;6
G23;1;6
G24;1;6
G25;1;6
G26;1;6
G30;1;6
G31;1;6
G32;1;6
G35;1;6
G36;1;6
G37;1;6
G40;1;6
G41;1;6
G43;1;6
G44;1;6
G45;1;6
G46;1;6
G47;1;6
G50;1;6
G51;1;6
G52;1;6
G53;1;6
G54;1;6
G55;1;6
G56;1;6
G57;1;6
G58;1;6
G59;1;6
G60;1;6
G61;1;6
G62;1;6
G63;1;6
G64;1;6
G70;1;6
G71;1;6
G72;1;6
G73;1;6
G80;1;6
G81;1;6
G82;1;6
G83;1;6
G90;1;6
G91;1;6
G92;1;6
G93;1;6
G94;1;6
G95;1;6
G96;1;6
G97;1;6
G98;1;6
G99;1;6
H00;1;7
H01;1;7
H02;1;7
H03;1;7
H04;1;7
H05;1;7
H06;1;7
H10;1;7
H11;1;7
H13;1;7
H15;1;7
H16;1;7
H17;1;7
H18;1;7
H19;1;7
H20;1;7
H21;1;7
H22;1;7
H25;1;7
H26;1;7
H27;1;7
H28;1;7
H30;1;7
H31;1;7
H32;1;7
H33;1;7
H34;1;7
H35;1;7
H36;1;7
H40;1;7
H42;1;7
H43;1;7
H44;1;7
H45;1;7
H46;1;7
H47;1;7
H48;1;7
H49;1;7
H50;1;7
H51;1;7
H52;1;7
H53;1;7
H54;1;7
H55;1;7
H57;1;7
H58;1;7
H59;1;7
H60;1;8
H61;1;8
H62;2;8
H65;2;8
H66;2;8
H67;2;8
H68;1;8
H69;1;8
H70;1;8
H71;1;8
H72;1;8
H73;1;8
H74;1;8
H75;1;8
H80;1;8
H81;1;8
H82;1;8
H83;1;8
H90;1;8
H91;1;8
H92;1;8
H93;1;8
H94;1;8
H95;1;8
I00;1;9
I01;1;9
I02;1;9
I05;1;9
I06;1;9
I07;1;9
I08;1;9
I09;1;9
I10;1;9
I11;1;9
I12;1;9
I13;1;9
I15;1;9
I20;1;9
I21;1;9
I22;1;9
I23;1;9
I24;1;9
I25;1;9
I26;1;9
I27;1;9
I28;1;9
I30;1;9
I31;1;9
I32;1;9
I33;1;9
I34;1;9
I35;1;9
I36;1;9
I37;1;9
I38;1;9
I39;1;9
I40;1;9
I41;1;9
I42;1;9
I43;1;9
I44;1;9
I45;1;9
I46;1;9
I47;1;9
I48;1;9
I49;1;9
I50;1;9
I51;1;9
I52;1;9
I60;1;9
I61;1;9
I62;1;9
I63;1;9
I64;1;9
I65;1;9
I66;1;9
I67;1;9
I68;1;9
I69;1;9
I70;1;9
I71;1;9
I72;1;9
I73;1;9
I74;1;9
I77;1;9
I78;1;9
I79;1;9
I80;1;9
I81;1;9
I82;1;9
I83;1;9
I84;1;9
I85;1;9
I86;1;9
I87;1;9
I88;1;9
I89;1;9
I95;1;9
I97;1;9
I98;1;9
I99;1;9
J00;2;10
J01;2;10
J02;2;10
J03;2;10
J04;2;10
J05;2;10
J06;2;10
J09;2;10
J10;2;10
J11;2;10
J12;2;10
J13;2;10
J14;2;10
J15;2;10
J16;2;10
J17;2;10
J18;2;10
J20;2;10
J21;2;10
J22;2;10
J30;1;10
J31;1;10
J32;1;10
J33;1;10
J34;1;10
J35;1;10
J36;1;10
J37;1;10
J38;1;10
J39;1;10
J40;1;10
J41;1;10
J42;1;10
J43;1;10
J44;1;10
J45;1;10
J46;1;10
J47;1;10
J60;1;10
J61;1;10
J62;1;10
J63;1;10
J64;1;10
J65;1;10
J66;1;10
J67;1;10
J68;1;10
J69;1;10
J70;1;10
J80;1;10
J81;1;10
J82;1;10
J84;1;10
J85;1;10
J86;1;10
J90;1;10
J91;1;10
J92;1;10
J93;1;10
J94;1;10
J95;1;10
J96;1;10
J98;1;10
J99;1;10
K00;1;11
K01;1;11
K02;1;11
K03;1;11
K04;1;11
K05;1;11
K06;1;11
K07;1;11
K08;1;11
K09;1;11
K10;1;11
K11;1;11
K12;1;11
K13;1;11
K14;1;11
K20;1;11
K21;1;11
K22;1;11
K23;1;11
K25;1;11
K26;1;11
K27;1;11
K28;1;11
K29;1;11
K30;1;11
K31;1;11
K35;1;11
K36;1;11
K37;1;11
K38;1;11
K40;1;11
K41;1;11
K42;1;11
K43;1;11
K44;1;11
K45;1;11
K46;1;11
K50;1;11
K51;1;11
K52;1;11
K55;1;11
K56;1;11
K57;1;11
K58;1;11
K59;1;11
K60;1;11
K61;1;11
K62;1;11
K63;1;11
K64;1;11
K65;1;11
K66;1;11
K67;1;11
K70;1;11
K71;1;11
K72;1;11
K73;1;11
K74;1;11
K75;1;11
K76;1;11
K77;1;11
K80;1;11
K81;1;11
K82;1;11
K83;1;11
K85;1;11
K86;1;11
K87;1;11
K90;1;11
K91;1;11
K92;1;11
K93;1;11
L00;1;12
L01;1;12
L02;1;12
L03;1;12
L04;1;12
L05;1;12
L08;1;12
L10;1;12
L11;1;12
L12;1;12
L13;1;12
L14;1;12
L20;1;12
L21;1;12
L22;1;12
L23;1;12
L24;1;12
L25;1;12
L26;1;12
L27;1;12
L28;1;12
L29;1;12
L30;1;12
L40;1;12
L41;1;12
L42;1;12
L43;1;12
L44;1;12
L45;1;12
L50;1;12
L51;1;12
L52;1;12
L53;1;12
L54;1;12
L55;1;12
L56;1;12
L57;1;12
L58;1;12
L59;1;12
L60;1;12
L62;1;12
L63;1;12
L64;1;12
L65;1;12
L66;1;12
L67;1;12
L68;1;12
L70;1;12
L71;1;12
L72;1;12
L73;1;12
L74;1;12
L75;1;12
L80;1;12
L81;1;12
L82;1;12
L83;1;12
L84;1;12
L85;1;12
L86;1;12
L87;1;12
L88;1;12
L89;1;12
L90;1;12
L91;1;12
L92;1;12
L93;1;12
L94;1;12
L95;1;12
L97;1;12
L98;1;12
L99;1;12
M00;1;13
M01;1;13
M02;1;13
M03;1;13
M05;1;13
M06;1;13
M07;1;13
M08;1;13
M09;1;13
M10;1;13
M11;1;13
M12;1;13
M13;1;13
M14;1;13
M15;1;13
M16;1;13
M17;1;13
M18;1;13
M19;1;13
M20;1;13
M21;1;13
M22;1;13
M23;1;13
M24;1;13
M25;1;13
M30;1;13
M31;1;13
M32;1;13
M33;1;13
M34;1;13
M35;1;13
M36;1;13
M40;1;13
M41;1;13
M42;1;13
M43;1;13
M45;1;13
M46;1;13
M47;1;13
M48;1;13
M49;1;13
M50;1;13
M51;1;13
M53;1;13
M54;1;13
M60;1;13
M61;1;13
M62;1;13
M63;1;13
M65;1;13
M66;1;13
M67;1;13
M68;1;13
M70;1;13
M71;1;13
M72;1;13
M73;1;13
M75;1;13
M76;1;13
M77;1;13
M79;1;13
M80;1;13
M81;1;13
M82;1;13
M83;1;13
M84;1;13
M85;1;13
M86;1;13
M87;1;13
M88;1;13
M89;1;13
M90;1;13
M91;1;13
M92;1;13
M93;1;13
M94;1;13
M95;1;13
M96;1;13
M99;1;13
N00;1;14
N01;1;14
N02;1;14
N03;1;14
N04;1;14
N05;1;14
N06;1;14
N07;1;14
N08;1;14
N10;1;14
N11;1;14
N12;1;14
N13;1;14
N14;1;14
N15;1;14
N16;1;14
N17;1;14
N18;1;14
N19;1;14
N20;1;14
N21;1;14
N22;1;14
N23;1;14
N25;1;14
N26;1;14
N27;1;14
N28;1;14
N29;1;14
N30;1;14
N31;1;14
N32;1;14
N33;1;14
N34;1;14
N35;1;14
N36;1;14
N37;1;14
N39;1;14
N40;1;14
N41;1;14
N42;1;14
N43;1;14
N44;1;14
N45;1;14
N46;1;14
N47;1;14
N48;1;14
N49;1;14
N50;1;14
N51;1;14
N60;1;14
N61;1;14
N62;1;14
N63;1;14
N64;1;14
N70;2;14
N71;2;14
N72;2;14
N73;2;14
N74;2;14
N75;1;14
N76;1;14
N77;1;14
N80;1;14
N81;1;14
N82;1;14
N83;1;14
N84;1;14
N85;1;14
N86;1;14
N87;1;14
N88;1;14
N89;1;14
N90;1;14
N91;1;14
N92;1;14
N93;1;14
N94;1;14
N95;1;14
N96;1;14
N97;1;14
N98;1;14
N99;1;14
O00;2;15
O01;2;15
O02;2;15
O03;2;15
O04;2;15
O05;2;15
O06;2;15
O07;2;15
O08;2;15
O10;2;15
O11;2;15
O12;2;15
O13;2;15
O14;2;15
O15;2;15
O16;2;15
O20;2;15
O21;2;15
O22;2;15
O23;2;15
O24;2;15
O25;2;15
O26;2;15
O28;2;15
O29;2;15
O30;2;15
O31;2;15
O32;2;15
O33;2;15
O34;2;15
O35;2;15
O36;2;15
O40;2;15
O41;2;15
O42;2;15
O43;2;15
O44;2;15
O45;2;15
O46;2;15
O47;2;15
O48;2;15
O60;2;15
O61;2;15
O62;2;15
O63;2;15
O64;2;15
O65;2;15
O66;2;15
O67;2;15
O68;2;15
O69;2;15
O70;2;15
O71;2;15
O72;2;15
O73;2;15
O74;2;15
O75;2;15
O80;2;15
O81;2;15
O82;2;15
O83;2;15
O84;2;15
O85;2;15
O86;2;15
O87;2;15
O88;2;15
O89;2;15
O90;2;15
O91;2;15
O92;2;15
O95;2;15
O96;2;15
O97;2;15
O98;2;15
O99;2;15
P00;2;16
P01;2;16
P02;2;16
P03;2;16
P04;2;16
P05;2;16
P07;2;16
P08;2;16
P10;2;16
P11;2;16
P12;2;16
P13;2;16
P14;2;16
P15;2;16
P20;2;16
P21;2;16
P22;2;16
P23;2;16
P24;2;16
P25;2;16
P26;2;16
P27;2;16
P28;2;16
P29;2;16
P35;2;16
P36;2;16
P37;2;16
P38;2;16
P39;2;16
P50;2;16
P51;2;16
P52;2;16
P53;2;16
P54;2;16
P55;2;16
P56;2;16
P57;2;16
P58;2;16
P59;2;16
P60;2;16
P61;2;16
P70;2;16
P71;2;16
P72;2;16
P74;2;16
P75;2;16
P76;2;16
P77;2;16
P78;2;16
P80;2;16
P81;2;16
P83;2;16
P90;2;16
P91;2;16
P92;2;16
P93;2;16
P94;2;16
P95;2;16
P96;2;16
Q00;1;17
Q01;1;17
Q02;1;17
Q03;1;17
Q04;1;17
Q05;1;17
Q06;1;17
Q07;1;17
Q10;1;17
Q11;1;17
Q12;1;17
Q13;1;17
Q14;1;17
Q15;1;17
Q16;1;17
Q17;1;17
Q18;1;17
Q20;1;17
Q21;1;17
Q22;1;17
Q23;1;17
Q24;1;17
Q25;1;17
Q26;1;17
Q27;1;17
Q28;1;17
Q30;1;17
Q31;1;17
Q32;1;17
Q33;1;17
Q34;1;17
Q35;1;17
Q36;1;17
Q37;1;17
Q38;1;17
Q39;1;17
Q40;1;17
Q41;1;17
Q42;1;17
Q43;1;17
Q44;1;17
Q45;1;17
Q50;1;17
Q51;1;17
Q52;1;17
Q53;1;17
Q54;1;17
Q55;1;17
Q56;1;17
Q60;1;17
Q61;1;17
Q62;1;17
Q63;1;17
Q64;1;17
Q65;1;17
Q66;1;17
Q67;1;17
Q68;1;17
Q69;1;17
Q70;1;17
Q71;1;17
Q72;1;17
Q73;1;17
Q74;1;17
Q75;1;17
Q76;1;17
Q77;1;17
Q78;1;17
Q79;1;17
Q80;1;17
Q81;1;17
Q82;1;17
Q83;1;17
Q84;1;17
Q85;1;17
Q86;1;17
Q87;1;17
Q89;1;17
Q90;1;17
Q91;1;17
Q92;1;17
Q93;1;17
Q95;1;17
Q96;1;17
Q97;1;17
Q98;1;17
Q99;1;17
R00;4;18
R01;4;18
R02;4;18
R03;4;18
R04;4;18
R05;4;18
R06;4;18
R07;4;18
R09;4;18
R10;4;18
R11;4;18
R12;4;18
R13;4;18
R14;4;18
R15;4;18
R16;4;18
R17;4;18
R18;4;18
R19;4;18
R20;4;18
R21;4;18
R22;4;18
R23;4;18
R25;4;18
R26;4;18
R27;4;18
R29;4;18
R30;4;18
R31;4;18
R32;4;18
R33;4;18
R34;4;18
R35;4;18
R36;4;18
R39;4;18
R40;4;18
R41;4;18
R42;4;18
R43;4;18
R44;4;18
R45;4;18
R46;4;18
R47;4;18
R48;4;18
R49;4;18
R50;4;18
R51;4;18
R52;4;18
R53;4;18
R54;4;18
R55;4;18
R56;4;18
R57;4;18
R58;4;18
R59;4;18
R60;4;18
R61;4;18
R62;4;18
R63;4;18
R64;4;18
R65;4;18
R68;4;18
R69;4;18
R70;4;18
R71;4;18
R72;4;18
R73;4;18
R74;4;18
R75;4;18
R76;4;18
R77;4;18
R78;4;18
R79;4;18
R80;4;18
R81;4;18
R82;4;18
R83;4;18
R84;4;18
R85;4;18
R86;4;18
R87;4;18
R89;4;18
R90;4;18
R91;4;18
R92;4;18
R93;4;18
R94;4;18
R95;4;18
R96;4;18
R97;4;18
R98;4;18
R99;4;18
S00;99;19
S01;99;19
S02;99;19
S03;99;19
S04;99;19
S05;99;19
S06;99;19
S07;99;19
S08;99;19
S09;99;19
S10;99;19
S11;99;19
S12;99;19
S13;99;19
S14;99;19
S15;99;19
S16;99;19
S17;99;19
S18;99;19
S19;99;19
S20;99;19
S21;99;19
S22;99;19
S23;99;19
S24;99;19
S25;99;19
S26;99;19
S27;99;19
S28;99;19
S29;99;19
S30;99;19
S31;99;19
S32;99;19
S33;99;19
S34;99;19
S35;99;19
S36;99;19
S37;99;19
S38;99;19
S39;99;19
S40;99;19
S41;99;19
S42;99;19
S43;99;19
S44;99;19
S45;99;19
S46;99;19
S47;99;19
S48;99;19
S49;99;19
S50;99;19
S51;99;19
S52;99;19
S53;99;19
S54;99;19
S55;99;19
S56;99;19
S57;99;19
S58;99;19
S59;99;19
S60;99;19
S61;99;19
S62;99;19
S63;99;19
S64;99;19
S65;99;19
S66;99;19
S67;99;19
S68;99;19
S69;99;19
S70;99;19
S71;99;19
S72;99;19
S73;99;19
S74;99;19
S75;99;19
S76;99;19
S77;99;19
S78;99;19
S79;99;19
S80;99;19
S81;99;19
S82;99;19
S83;99;19
S84;99;19
S85;99;19
S86;99;19
S87;99;19
S88;99;19
S89;99;19
S90;99;19
S91;99;19
S92;99;19
S93;99;19
S94;99;19
S95;99;19
S96;99;19
S97;99;19
S98;99;19
S99;99;19
T00;99;19
T01;99;19
T02;99;19
T03;99;19
T04;99;19
T05;99;19
T06;99;19
T07;99;19
T08;99;19
T09;99;19
T10;99;19
T11;99;19
T12;99;19
T13;99;19
T14;99;19
T15;99;19
T16;99;19
T17;99;19
T18;99;19
T19;99;19
T20;99;19
T21;99;19
T22;99;19
T23;99;19
T24;99;19
T25;99;19
T26;99;19
T27;99;19
T28;99;19
T29;99;19
T30;99;19
T31;99;19
T32;99;19
T33;99;19
T34;99;19
T35;99;19
T36;99;19
T37;99;19
T38;99;19
T39;99;19
T40;99;19
T41;99;19
T42;99;19
T43;99;19
T44;99;19
T45;99;19
T46;99;19
T47;99;19
T48;99;19
T49;99;19
T50;99;19
T51;99;19
T52;99;19
T53;99;19
T54;99;19
T55;99;19
T56;99;19
T57;99;19
T58;99;19
T59;99;19
T60;99;19
T61;99;19
T62;99;19
T63;99;19
T64;99;19
T65;99;19
T66;99;19
T67;99;19
T68;99;19
T69;99;19
T70;99;19
T71;99;19
T73;99;19
T74;99;19
T75;99;19
T78;99;19
T79;99;19
T80;99;19
T81;99;19
T82;99;19
T83;99;19
T84;99;19
T85;99;19
T86;99;19
T87;99;19
T88;99;19
T90;99;19
T91;99;19
T92;99;19
T93;99;19
T94;99;19
T95;99;19
T96;99;19
T97;99;19
T98;99;19
U07;2;1
U10;2;1
U12;3;20
V01;3;20
V02;3;20
V03;3;20
V04;3;20
V05;3;20
V06;3;20
V09;3;20
V10;3;20
V11;3;20
V12;3;20
V13;3;20
V14;3;20
V15;3;20
V16;3;20
V17;3;20
V18;3;20
V19;3;20
V20;3;20
V21;3;20
V22;3;20
V23;3;20
V24;3;20
V25;3;20
V26;3;20
V27;3;20
V28;3;20
V29;3;20
V30;3;20
V31;3;20
V32;3;20
V33;3;20
V34;3;20
V35;3;20
V36;3;20
V37;3;20
V38;3;20
V39;3;20
V40;3;20
V41;3;20
V42;3;20
V43;3;20
V44;3;20
V45;3;20
V46;3;20
V47;3;20
V48;3;20
V49;3;20
V50;3;20
V51;3;20
V52;3;20
V53;3;20
V54;3;20
V55;3;20
V56;3;20
V57;3;20
V58;3;20
V59;3;20
V60;3;20
V61;3;20
V62;3;20
V63;3;20
V64;3;20
V65;3;20
V66;3;20
V67;3;20
V68;3;20
V69;3;20
V70;3;20
V71;3;20
V72;3;20
V73;3;20
V74;3;20
V75;3;20
V76;3;20
V77;3;20
V78;3;20
V79;3;20
V80;3;20
V81;3;20
V82;3;20
V83;3;20
V84;3;20
V85;3;20
V86;3;20
V87;3;20
V88;3;20
V89;3;20
V90;3;20
V91;3;20
V92;3;20
V93;3;20
V94;3;20
V95;3;20
V96;3;20
V97;3;20
V98;3;20
V99;3;20
W00;3;20
W01;3;20
W02;3;20
W03;3;20
W04;3;20
W05;3;20
W06;3;20
W07;3;20
W08;3;20
W09;3;20
W10;3;20
W11;3;20
W12;3;20
W13;3;20
W14;3;20
W15;3;20
W16;3;20
W17;3;20
W18;3;20
W19;3;20
W20;3;20
W21;3;20
W22;3;20
W23;3;20
W24;3;20
W25;3;20
W26;3;20
W27;3;20
W28;3;20
W29;3;20
W30;3;20
W31;3;20
W32;3;20
W33;3;20
W34;3;20
W35;3;20
W36;3;20
W37;3;20
W38;3;20
W39;3;20
W40;3;20
W41;3;20
W42;3;20
W43;3;20
W44;3;20
W45;3;20
W49;3;20
W50;3;20
W51;3;20
W52;3;20
W53;3;20
W54;3;20
W55;3;20
W56;3;20
W57;3;20
W58;3;20
W59;3;20
W60;3;20
W64;3;20
W65;3;20
W66;3;20
W67;3;20
W68;3;20
W69;3;20
W70;3;20
W73;3;20
W74;3;20
W75;3;20
W76;3;20
W77;3;20
W78;3;20
W79;3;20
W80;3;20
W81;3;20
W83;3;20
W84;3;20
W85;3;20
W86;3;20
W87;3;20
W88;3;20
W89;3;20
W90;3;20
W91;3;20
W92;3;20
W93;3;20
W94;3;20
W99;3;20
X00;3;20
X01;3;20
X02;3;20
X03;3;20
X04;3;20
X05;3;20
X06;3;20
X08;3;20
X09;3;20
X10;3;20
X11;3;20
X12;3;20
X13;3;20
X14;3;20
X15;3;20
X16;3;20
X17;3;20
X18;3;20
X19;3;20
X20;3;20
X21;3;20
X22;3;20
X23;3;20
X24;3;20
X25;3;20
X26;3;20
X27;3;20
X28;3;20
X29;3;20
X30;3;20
X31;3;20
X32;3;20
X33;3;20
X34;3;20
X35;3;20
X36;3;20
X37;3;20
X38;3;20
X39;3;20
X40;3;20
X41;3;20
X42;3;20
X43;3;20
X44;3;20
X45;3;20
X46;3;20
X47;3;20
X48;3;20
X49;3;20
X50;3;20
X51;3;20
X52;3;20
X53;3;20
X54;3;20
X57;3;20
X58;3;20
X59;3;20
X60;3;20
X61;3;20
X62;3;20
X63;3;20
X64;3;20
X65;3;20
X66;3;20
X67;3;20
X68;3;20
X69;3;20
X70;3;20
X71;3;20
X72;3;20
X73;3;20
X74;3;20
X75;3;20
X76;3;20
X77;3;20
X78;3;20
X79;3;20
X80;3;20
X81;3;20
X82;3;20
X83;3;20
X84;3;20
X85;3;20
X86;3;20
X87;3;20
X88;3;20
X89;3;20
X90;3;20
X91;3;20
X92;3;20
X93;3;20
X94;3;20
X95;3;20
X96;3;20
X97;3;20
X98;3;20
X99;3;20
Y00;3;20
Y01;3;20
Y02;3;20
Y03;3;20
Y04;3;20
Y05;3;20
Y06;3;20
Y07;3;20
Y08;3;20
Y09;3;20
Y10;3;20
Y11;3;20
Y12;3;20
Y13;3;20
Y14;3;20
Y15;3;20
Y16;3;20
Y17;3;20
Y18;3;20
Y19;3;20
Y20;3;20
Y21;3;20
Y22;3;20
Y23;3;20
Y24;3;20
Y25;3;20
Y26;3;20
Y27;3;20
Y28;3;20
Y29;3;20
Y30;3;20
Y31;3;20
Y32;3;20
Y33;3;20
Y34;3;20
Y35;3;20
Y36;3;20
Y40;3;20
Y41;3;20
Y42;3;20
Y43;3;20
Y44;3;20
Y45;3;20
Y46;3;20
Y47;3;20
Y48;3;20
Y49;3;20
Y50;3;20
Y51;3;20
Y52;3;20
Y53;3;20
Y54;3;20
Y55;3;20
Y56;3;20
Y57;3;20
Y58;3;20
Y59;3;20
Y60;3;20
Y61;3;20
Y62;3;20
Y63;3;20
Y64;3;20
Y65;3;20
Y66;3;20
Y69;3;20
Y70;3;20
Y71;3;20
Y72;3;20
Y73;3;20
Y74;3;20
Y75;3;20
Y76;3;20
Y77;3;20
Y78;3;20
Y79;3;20
Y80;3;20
Y81;3;20
Y82;3;20
Y83;3;20
Y84;3;20
Y85;3;20
Y86;3;20
Y87;3;20
Y88;3;20
Y89;3;20
Y90;3;20
Y91;3;20
Y95;3;20
Y96;3;20
Y97;3;20
Y98;3;20
Z00;99;21
Z01;99;21
Z02;99;21
Z03;99;21
Z04;99;21
Z08;99;21
Z09;99;21
Z10;99;21
Z11;99;21
Z12;99;21
Z13;99;21
Z20;99;21
Z21;99;21
Z22;99;21
Z23;99;21
Z24;99;21
Z25;99;21
Z26;99;21
Z27;99;21
Z28;99;21
Z29;99;21
Z30;99;21
Z31;99;21
Z32;99;21
Z33;99;21
Z34;99;21
Z35;99;21
Z36;99;21
Z37;99;21
Z38;99;21
Z39;99;21
Z40;99;21
Z41;99;21
Z42;99;21
Z43;99;21
Z44;99;21
Z45;99;21
Z46;99;21
Z47;99;21
Z48;99;21
Z49;99;21
Z50;99;21
Z51;99;21
Z52;99;21
Z53;99;21
Z54;99;21
Z55;99;21
Z56;99;21
Z57;99;21
Z58;99;21
Z59;99;21
Z60;99;21
Z61;99;21
Z62;99;21
Z63;99;21
Z64;99;21
Z65;99;21
Z70;99;21
Z71;99;21
Z72;99;21
Z73;99;21
Z74;99;21
Z75;99;21
Z76;99;21
Z80;99;21
Z81;99;21
Z82;99;21
Z83;99;21
Z84;99;21
Z85;99;21
Z86;99;21
Z87;99;21
Z88;99;21
Z89;99;21
Z90;99;21
Z91;99;21
Z92;99;21
Z93;99;21
Z94;99;21
Z95;99;21
Z96;99;21
Z97;99;21
Z98;99;21
Z99;99;21
